"Path","Length","Modified","SHA256"
".gitignore","102","19/09/2026 21:31:02","1D6EEE41B58C3AB856EA022EDC54055F0FA76852D88C16F774ED1169B91C4857"
"Cargo.lock","125637","20/09/2026 14:16:27","D93A3213136DF51F78BB2183A8574674BEC7E645499E2BC473F715FD0F02BE49"
"Cargo.toml","108","19/09/2026 21:31:02","222B0A623ED685401D313ECA2C7E802356ECCDA607D283DADE23BBBD5CA8556F"
"eslint.config.js","239","19/09/2026 21:31:02","21D2B3206D6A7BA59A9CB36B96A3D7BAA195BD444CBD3D1681FFB47EE8C0A6CB"
"index.html","349","19/09/2026 21:31:02","0927C630871D89EF674CE85AE17A70D40DC4CE4D76F7ACE2AA41649A61CEF116"
"package-lock.json","96183","20/09/2026 18:08:46","B90FAC9D5C5B0A94D5E50D69C59BE5A3D8608F522670B3E8C30A81A4E846624A"
"package.json","942","20/09/2026 18:08:46","9BC35978F7DAD3C03EF32B3F7155D8522F743936007416F9594CC7A15A08746F"
"README.md","4646","19/09/2026 21:31:02","6C5B3A10A1E53B1AF341D2F6C49FCC615C86740B49988B1C00E9B202C9E1DFD1"
"rust-toolchain.toml","86","19/09/2026 21:31:02","7458B2D74495E6FB1C1EDEEA4D5A793705476431DADB60627187111F91441E13"
"TASKS.md","2845","19/09/2026 21:31:02","26AC623C9C55F470E4EF9A84ECF75C7D1AAE3EA2605BE8A906D6EEA53243824F"
"tsconfig.json","405","19/09/2026 21:31:02","3D52935C866413C932119D066CE7ADEAD558D65972FE96E7968C527522492FCA"
"vite.config.ts","251","19/09/2026 21:31:02","AD01A1F55E0469E0EEF417F64D5AA0BB614CA0776B924279DF63F7FE81E23421"
".github\workflows\ci.yml","855","19/09/2026 21:31:02","9B14CAD696317A34C6FFA6BDB125501715365DC41387FC6777A6DED697AE499B"
"crates\hub-core\Cargo.toml","373","19/09/2026 21:31:02","0845998D9C2ACEF3D57AF3A72542EE6CC12CB6C8636E984BAFF1172B966E3DF7"
"crates\hub-core\migrations\001_initial.sql","2338","19/09/2026 21:31:02","46E647B68B5A3D03D85130F15F6F37E84D19CC2549D04727719D94DEF2C4E914"
"crates\hub-core\migrations\002_knowledge.sql","354","20/09/2026 13:53:06","1936395A839DA159860C1E6CF5B5BE6C28924672CCB803CA2B0B21CC1824BD5E"
"crates\hub-core\src\agents.rs","3764","20/09/2026 13:51:31","CA812FBE838325F3EFCB8F556FA94348D69C9AD6C5061A549C49742DEC2D18B0"
"crates\hub-core\src\commands.rs","2682","19/09/2026 21:31:02","969A655E0F5376C7035BD9E6FF1786224C0B6C2085A0AC85E93C26A556E7F22F"
"crates\hub-core\src\database.rs","9189","20/09/2026 14:15:05","436400A9E3B7D23DCC328CCC3F63EFC457CA3708283C7083C35DC047F0A53B0E"
"crates\hub-core\src\git.rs","9450","20/09/2026 13:55:28","E6A805015D7BB152E57DB5AB6067E7AE4228A4907FA040ED6A072A672DB76839"
"crates\hub-core\src\github.rs","1667","19/09/2026 21:31:02","25D6632AD789A84FFA78583F039DA42675564AD09C35770A90A6C9CD73A19285"
"crates\hub-core\src\launchers.rs","2717","19/09/2026 21:31:02","FEDAB8EECE3D2061575C15D7165B253488878DBB6522458ECCD13228D95EC75E"
"crates\hub-core\src\lib.rs","226","19/09/2026 21:31:02","FF141768E2E65BA1EB7011813D91236F889A768427B95B223A0A80514E86767E"
"crates\hub-core\src\models.rs","1833","20/09/2026 13:53:09","2678021D3E8F0A69BB45AA19FB9CD172539566F97D245767CFEF46E5084A207B"
"crates\hub-core\src\ports.rs","4515","20/09/2026 14:09:48","BA0728C18C0AA1992BCA1BB42780A071F50A37B070B639FB92EB8D7D1EABA623"
"crates\hub-core\src\projects.rs","5232","19/09/2026 21:31:02","B0430F6694BA095A9473A3436CE68F6D2EC58EB9DB33AE388C0CE8EE1A9B95C5"
"crates\hub-core\src\snapshot.rs","2417","19/09/2026 21:31:02","D8A4105525022701D7E0658BACF8E10C90803C5E59AFF2593ACF49CABDF1A9AF"
"crates\hub-core\src\system.rs","5889","20/09/2026 14:09:48","5065CFF2302415C1814008958EA5A7820387BDEA71798944ADA9649AFBBBFFAE"
"crates\hub-core\tests\core.rs","10532","20/09/2026 14:09:48","E8CE2C262C45E692F4B7BAF6CD97BF3E75D77594C7A4178FAC547018F36DCC12"
"docs\ARCHITECTURE.md","2174","19/09/2026 21:31:02","D0178BFBFB04D4DF663D8EA67E9B390EAEF9F053290E8908F19116AF4B290BFC"
"docs\CHECKPOINT.md","6226","19/09/2026 21:31:02","4078B17926E9D8148F136FC52FBAEDE3330F2FBC3D6B2A65DC7F4B4FE46B0463"
"docs\DATABASE.md","1313","19/09/2026 21:31:02","6536939D7AA46E6B5FD99C51F278CB8B5FE2A53FD2FF2D257DE17FD84186F301"
"docs\DEPENDENCIES.md","1848","19/09/2026 21:31:02","40597E19410E5D600E401DD9DA1D47C16748DEBA50CF87EDCF640B4CF0AEEF63"
"docs\DEVELOPMENT.md","2217","19/09/2026 21:31:02","E11F96630F1FD6F8D3AED1F2830CEB0A430ABB9BB9A71A42CE7F2CC52F9E399B"
"docs\PERFORMANCE.md","1634","20/09/2026 04:42:54","C67C9892EF44294232211A3303A6F4285BB31CF65358BFA7716B61C1A0C5590F"
"docs\PRODUCT_SPEC.md","2470","19/09/2026 21:31:02","C9F367249ABB9F9AD852FAD1A74677ACFA200A2205E1B1C10681A65E1CEFADCB"
"docs\ROADMAP.md","1134","19/09/2026 21:31:02","B5C4A6B41562D16F3E58E9382262BFCBD8CF1AEDF4B02EE9205390B4188884A3"
"docs\SECURITY.md","2904","19/09/2026 21:31:02","4BF0702BB44A31C135188D40695F8179D330CDEE03C89AE9CC59DD228DB05ED0"
"docs\USER_BRIEF.md","26604","19/09/2026 21:31:02","B46ADDFD7E5D89A0F72FFFBD621E17E353F18265B97433D4B703AC465796837E"
"docs\adr\ADR-001-desktop-stack.md","865","19/09/2026 21:31:02","B850F7359F7A185CFA83BCAA2021C77286A8BC258334C2438CFD0A50D2C0E73A"
"docs\adr\ADR-002-local-database.md","635","19/09/2026 21:31:02","1D22652E5DEBF649F9A6FAFAAC323F4FB152DD3C6732A3B06F76B10269EDD7AF"
"docs\adr\ADR-003-provider-architecture.md","541","19/09/2026 21:31:02","89E0F8E141E1C727C49B6C443A571FA8B9FCCE7D23262E79E500109DE907C4C7"
"docs\images\concept.png","1523454","19/09/2026 21:31:02","237BC9834AFC926A41A292F2C5F553651EB18DC6E9C690A8D047D37BC08206E2"
"docs\images\current-preview.png","197754","19/09/2026 21:31:02","F0EEF6AE8A047880DFEE6BBDC21765EC031A38346EC171B4AD0A288E06E76920"
"scripts\validate-windows.ps1","925","19/09/2026 21:31:02","AF76EC590494D2B17E4AFAFDE716805C70BFA4ECE31D9A2E188B9A13C27697B0"
"src\App.tsx","32013","20/09/2026 14:07:15","0067D1FEE073230A202834AC231877B2C2DCAC5D5E299A4C3B8949D3AE0860B8"
"src\main.tsx","237","19/09/2026 21:31:02","B8C1E566187EA5D53BF9B4C2F4CD8FC8193B4958AFA219E57D39B76153F4FB20"
"src\styles.css","34598","20/09/2026 14:13:54","287AF8C845441D250169FA81F053CD14A1DA4B43ABADD2DF1F24D18F6737C75D"
"src\vite-env.d.ts","38","19/09/2026 21:31:02","65996936FBB042915F7B74A200FCDDE7E410F32A669B1AB9597CFAA4B0FADDB5"
"src\app\routing.ts","1283","20/09/2026 04:57:33","6C2673DEEF3D6B844F9C09DDBA4E1FE7A5439CDA5C12527B3A6D09F34F28319B"
"src\components\SourceStatus.tsx","886","20/09/2026 04:59:14","A7B3C6B0C3B1733EA954CFC20D2A2DEC15D352B3E24BCDEDEE74E329EDEC3E35"
"src\components\VirtualList.test.ts","663","20/09/2026 05:11:09","67BBA08C9A4CB912B3D9F22B071E3BF51C35358E8F5430BD3E0753982F02EC7D"
"src\components\VirtualList.tsx","1969","20/09/2026 05:11:07","79651050C535B47D9BAE77ADFF720FA5C964EB29FF886B1F8F7AFC1148890DB4"
"src\features\AgentProviders.tsx","1606","20/09/2026 13:29:12","F6A2EBFE2CD4893E8759856F245E041C2E16C0DBD8E16E59BFD9E3C94D3F0DA8"
"src\features\Dashboard.tsx","11309","20/09/2026 14:12:00","0FBFECAB0E7B61F5F6270EB47B5F154515D70D30E371D2A6991649E4D7DB6AEB"
"src\features\GitSummary.tsx","2520","20/09/2026 13:51:40","5B491D0F990132B63BCC24BAB8C1FA728BDBF3AF480FAF90BA1AF198430A4A83"
"src\features\Knowledge.tsx","6555","20/09/2026 13:54:46","2ED87997CCC1A19A8C04B4D4D54AD0340E83BFC942DF97A37A70115027451CB3"
"src\features\portClassification.test.ts","865","20/09/2026 05:12:30","0CB8F8709D9B4959F1D95F59AC5C71818CC514033401B0654E27D9DAECFA2419"
"src\features\portClassification.ts","736","20/09/2026 05:12:24","9EA181A5D1E2862453E6DCFB543D601CAFE5381CEF5071F5FCB28287C391E21B"
"src\features\Ports.tsx","9743","20/09/2026 14:13:48","351F32229195C84DBC40C5B992C53AFD81E52BD9E940F66102B66639E449982D"
"src\features\Projects.tsx","11267","19/09/2026 21:31:02","AC2B2A7F97F0FAED7B5E2E0435D83FA2CA9BA8813E6540733106B48BF6ABC070"
"src\features\Prompts.tsx","7224","20/09/2026 14:14:07","D748D7439B23A680EC7086CD24A494B36A2009B771D605BA827BF4A0A3A06065"
"src\features\Repositories.tsx","2919","20/09/2026 05:01:17","E32C990B7C9DD6D0090CC26EAD27322EB80BD032AB6AEF08F5082DEB643EDC14"
"src\features\Worktrees.tsx","5501","20/09/2026 14:06:15","BF40D7BC0DEFE712B1BC993700B998AACD1AEEA82A1B21ED7D2C5A7A41A34EEF"
"src\shared\api.ts","484","19/09/2026 21:31:02","17EDEA44D40861940A3054276F5F1FFD4693A8175ED506F6F20472A895215F5F"
"src\shared\logic.test.ts","1620","19/09/2026 21:31:02","9AB409716AC27689B74B042CBD7EFBAC7AD882F61247CE1EE3E905A9051A570D"
"src\shared\logic.ts","1887","20/09/2026 14:14:11","B04E0772E9BA639973C398C18DB75B32900512FCB875B87501491802CD1892F0"
"src\shared\preferences.ts","603","20/09/2026 04:59:06","E2910586AF6510F404C4CBDE4B3B65BA69F92A142AC87DF77EAC62932125EEC9"
"src\shared\search.test.ts","706","20/09/2026 14:07:21","2DCA518354AA1377F0A32D31BC4FCE4D5BE5678A2D30B2A7EFC3C7274AF1E6D0"
"src\shared\search.ts","824","20/09/2026 14:00:54","EAD85A151A0A2605CF3EA70BE99959AD468E5AABC8037717FAF902E1CB305FB8"
"src\shared\types.ts","3328","20/09/2026 13:54:39","5B554A054657B4E2378BB0678F7313F66ED64CCE06DE6478C4C23D327C93BFB0"
"src\shared\ui.tsx","3174","20/09/2026 05:04:07","CCC79ACFBE07A8BB4B2453CECC81D0B01D7AD4EB46FB4A312FDDEC9D9AD3C99B"
"src\shell\ActivityCenter.tsx","3026","20/09/2026 14:04:23","EC567209BFB8AC45DFA7EE9A0005F35113BA151657587E31CC7E00796894BCC4"
"src\shell\CommandPalette.tsx","8019","20/09/2026 13:58:59","EF9520BCDA16F3FB1C08BCDED39D30DE1A709A32279D1870D313BA97DFDD50DB"
"src\shell\Sidebar.tsx","2275","20/09/2026 04:58:18","F6C66ED9168EEB94F8DDBBB8445C8A6C7589E93ED11D0938AAA2E74E2B97E7D8"
"src\state\operations.ts","1564","20/09/2026 14:06:09","4751BF09AC3444F5778D60A430F2657BAFE0D97DEA126579B3A7D48EBAC2DD8F"
"src\state\resource.test.ts","1829","20/09/2026 04:55:50","68CBB416DEACEA6C4A044547D361340B4CD1A775C5901FC91F8A3AE7F99D306B"
"src\state\resource.ts","1900","20/09/2026 04:55:44","60D6B0CCBEB64170F12B1889344168B05F77516F38880C4ACC385B4B58C9FE6B"
"src\state\workspace.ts","3869","20/09/2026 14:04:33","393556229D61964ABB9EC00C737EF9C21FE9C1D90F28D61083F4801D9BB03069"
"src-tauri\build.rs","39","19/09/2026 21:31:02","487059EAF8A947B80F20A9AACAC038A5047B2AD69D2401B827376C67D6FE847F"
"src-tauri\Cargo.toml","407","20/09/2026 14:15:53","8F93A21EA293F4B24966886AFAA7AC0CB78C357A0EB27D5FB3838C1EA06C9041"
"src-tauri\tauri.conf.json","1053","19/09/2026 21:31:02","6E09D05E63204143B423713403E439173AC254ED1195526DA09B0D208AEC6A93"
"src-tauri\gen\schemas\acl-manifests.json","65934","19/09/2026 21:35:41","B8665C2471BD4C59D570C77E226F37410CE396DA52525383A15B5CBBFF9D786E"
"src-tauri\gen\schemas\capabilities.json","2","19/09/2026 21:35:41","44136FA355B3678A1146AD16F7E8649E94FB4FC21FE77E8310C060F61CAAFF8A"
"src-tauri\gen\schemas\desktop-schema.json","116049","19/09/2026 21:35:41","F68A9C570ECFF07AC6826145D33B966D6FC02F7D680967F44437268B08A6BA78"
"src-tauri\gen\schemas\windows-schema.json","116049","19/09/2026 21:35:41","F68A9C570ECFF07AC6826145D33B966D6FC02F7D680967F44437268B08A6BA78"
"src-tauri\icons\icon.ico","3534","19/09/2026 21:31:02","8F645AECB69DF5F80DC4B719DF8AC591EAD293FAF215CFC1FE59D74990F67F95"
"src-tauri\icons\icon.png","1218","19/09/2026 21:31:02","41FF4CD752734F437D62EC79768ABBFE304D83F550042A2A99ECE189A352A28F"
"src-tauri\src\main.rs","9551","20/09/2026 14:14:03","645CD6B18DE9FD12B38C205132EE75A7753D59F17594052E225A346B18BE068E"
"src-tauri\src\terminal.rs","8096","20/09/2026 18:11:41","A341818166A9FEA39A2185F8CF233158542CBF7284D1F3A76C5B7DEB57B9126E"
